<addon id="repository.nickrepo"
       name="Nick Repo"
       version="1.0.0"
       provider-name="Nick">
  <extension point="xbmc.addon.repository" name="Nick Repo">
    <info compressed="false">https://namenic.github.io/kodi-repo/addons.xml</info>
    <checksum>https://namenic.github.io/kodi-repo/addons.xml.md5</checksum>
    <datadir zip="true">https://namenic.github.io/kodi-repo/zips/</datadir>
  </extension>
  <extension point="xbmc.addon.metadata">
    <summary>Repo for Nick's Kodi Wizard</summary>
    <description>Installs and updates Nick Wizard.</description>
    <platform>all</platform>
  </extension>
</addon>
