<addon id="plugin.program.nickwizard"
       name="Nick Wizard"
       version="1.0.0"
       provider-name="Nick">
  <requires>
    <import addon="xbmc.python" version="3.0.0"/>
  </requires>
  <extension point="xbmc.python.script" library="default.py"/>
  <extension point="xbmc.addon.metadata">
    <summary>Installs Nick's Kodi build from Google Drive.</summary>
    <description>Downloads and installs Nick's preconfigured build, then restarts Kodi.</description>
    <platform>all</platform>
  </extension>
</addon>
